roll_angle,jounce,lower_outer_x,lower_outer_y,lower_outer_z,lower_inner1_x,lower_inner1_y,lower_inner1_z,lower_inner2_x,lower_inner2_y,lower_inner2_z,upper_outer_x,upper_outer_y,upper_outer_z,upper_inner1_x,upper_inner1_y,upper_inner1_z,upper_inner2_x,upper_inner2_y,upper_inner2_z,rc_x,rc_y,rc_z,ic_x,ic_z,sal,upper_angle,lower_angle,upper_normal_x,upper_normal_y,upper_normal_z,lower_normal_x,lower_normal_y,lower_normal_z,Steering_trail_x,Scrub_radius_y
0.0,0.0,-0.0175,0.519,0.137,-0.18,0.165,0.087,0.18,0.17,0.087,0.0015,0.5065,0.315,-0.135,0.24,0.22,0.18,0.255,0.255,0.0,0.30925,-7.350290772519495e-05,-0.4418773584905663,0.0064223512336718525,0.5160211719945224,-145.16321429220443,-162.89727103094762,-0.007902499999999996,-0.025147500000000003,0.08189999999999997,0.0002500000000000002,-0.018000000000000006,0.1266275,-0.03212359550561798,0.528620786516854
-0.08726646259971647,0.0,-0.017553839050249827,0.5285205494240292,0.13704424955929145,-0.18,0.17313787061982885,0.09924087492457652,0.18,0.17811884411028758,0.09880509621083823,-0.00029721549020508007,0.528435927413106,0.31568644535169116,-0.135,0.2594441867621483,0.22519808906470432,0.18,0.2774375582296925,0.2587575673567005,0.0,0.3241824894265154,-0.0006170128048325271,-0.39803420010910345,0.04850142684088504,0.48040376871432416,-146.1082521230769,-166.89967584488588,-0.007399031872942845,-0.02398327705777295,0.08230864106565436,0.00034316581355955597,-0.01368000544756778,0.1271286243481946,-0.03079215049858087,0.5285854666734602
