roll_angle,jounce,lower_outer_x,lower_outer_y,lower_outer_z,lower_inner1_x,lower_inner1_y,lower_inner1_z,lower_inner2_x,lower_inner2_y,lower_inner2_z,upper_outer_x,upper_outer_y,upper_outer_z,upper_inner1_x,upper_inner1_y,upper_inner1_z,upper_inner2_x,upper_inner2_y,upper_inner2_z,rc_x,rc_y,rc_z,ic_y,ic_z,Steering_trail_x,Scrub_radius_y
0.0,0.0,-0.0175,0.519,0.137,-0.18,0.165,0.087,0.18,0.17,0.087,0.0015,0.5065,0.315,-0.135,0.24,0.22,0.18,0.255,0.255,0.0,0.0,0.010616961629378556,-0.32872583107608977,0.017264713124846023,-0.03212359550561798,0.528620786516854
0.0,0.05,-0.01762306965192605,0.5225210260245593,0.13699999544234023,-0.18,0.165,0.137,0.18,0.17,0.137,0.006363114970181664,0.5168246001844788,0.31472096933089877,-0.135,0.24,0.27,0.18,0.255,0.305,0.0,0.0,0.06489813982388994,-0.5832752942247721,0.13700000953897526,-0.03611333060429102,0.5269122371295469
